Kyrgyz,Benin,Slovenian,Abaisse,Baba,Cabanossi,Pacanas,Sabayon
Betawi,Ethiopian,French,Abalone,Baba,Cabbage,Pachola,Sabayon
Bruneian,Zimbabwean,Silesian,Abalone,Babaco,Cabra,Packed,Sable
Rajasthani,Burkinabe,Icelandic,Abattis,Babka,Cabrito,Paella,Sablefish
Lao,Comoros,Bosnian,Abc,Bacalao,Cabrito,Paella,Sabrosas
Awadhi,Chadian,European,Abm,Baccala,Cacahuates,Paillard,Saccharin
Qatari,Maasai,Welsh,Aboyeur,Backstrap,Cacciatore,Pain,Sachertorte
Liaoning,Malagasy,Galician,Absorption,Bacon,Cacoa,Palillo,Saddle
Fujian,Kenyan,Macedonian,Account,Bacon,Cactus,Palmier,Saffron
Georgian,Sudanese,Czech,Aceituna,Baekenhofe,Cafe,Pampano,Saffron
Tamil,Cameroonian,Kosovan,Ach,Bagel,Caffeine,Pan,Sage
Iraqi,Ivorian,Caucasian,Achar,Bagel,Caguama,Panache,Sage
Huaiyang,Somali,Asian,Achiote,Baguette,Cajeta,Panada,Saguaro
Bahraini,African,Viennese,Acid,Baguette,Cajun,Panaderia,Saignant
Azerbaijani,Djiboutian,Swabian,Acidic,Bake,Cake,Pan-bagnat,Sake
Japanese,Togolese,Irish,Acitron,Bake,Cal,Panbroil,Sake
Tajik,Libyan,Hessian,Ackee,Bake,Cala,Pan-broil,Sal
Shandong,Zambian,Catalan,Aclarada,Bake,Calabacita,Pan-broil,Salamander
Malaysian,Namibian,Asturian,Acorn,Baklava,Calabash,Pancetta,Salami
Kuwaiti,Burundian,Mediterranean,Acv,Baklava,Calabaza,Pancetta,Salami
Ottoman,Botswana,Greek,Aderezo,Balachan,Calabaza,Pancita,Salami
Dutch,Ugandan,Canarian,Adi,Ballottine,Calamares,Pane,Salchicha
Mongolian,Mauritian,Estonian,Adobo,Banana,Calamari,Panela,Salmagundi
Batak,Liberian,Romanian,Advertising,Bangers,Calamari,Panetone,Salmis
Iranian,Senegalese,Venetian,Agar,Banneton,Calcium,Panforte,Salmon
Israeli,Mauritanian,Andorran,Agar,Bap,Caldero,Panforte,Salmon
Tianjin,Egyptian,Tuscan,Agave,Barbacoa,Caldillo,Panfry,Salmon
Sarawakian,Centrafrican,Latvian,Agent,Barbecue,Caldillo,Pan-fry,Salpicon
Taiwanese,Ghanaian,Nouvelle,Agnello,Barding,Calorie,Panino,Salsa
Yemeni,Mozambique,Mordovian,Agnolotti,Barley,Calzone,Panko,Salsa
Bhojpuri,Rwandan,Lappish,Agriculture,Barquette,Calzone,Panna,Salsify
Emirati,Burkinabe,Extremaduran,Agrio,Barquettes,Calzone,Panning,Salt
Laotian,Mali,Spanish,Agua,Barracuda,Camote,Panocha,Salt
Maharashtrian,Moroccan,Basque,Aguacates,Basil,Campechana,Panques,Saltimbocca
Beijing,Swaziland,Swedish,Aguado,Basil,Canape,Pansit,Saltpeter
Tibetan,Gambian,Hamburg,Agujas,Basmati,Canape,Pansotti,Salvia
Chinese,Algerian,Luxembourgian,Ahi,Basquaise,Canard,Panzanella,Sambuca
Okinawan,Gabonese,Tatar,Ahw,Bass,Canard,Papadum,Sambuca
Assamese,Eritrean,Turkish,Aiguillette,Bass,Candied,Papas,Samosa
Jiangxi,Tunisian,Aragonese,Ail,Baste,Candlefish,Papaya,Samovar
Macau,Congolese,German,Aioli,Baste,Canela,Papaya,Sandia
Bukharan,Guinean,Finnish,Air,Baste,Caneton,Papel,Sangria
Jiangsu,Seychellois,Sammarinese,Airtights,Baste,Cannelloni,Pappardelle,Sangrita
Thai,Tanzanian,Austrian,Ajo,Basting,Cannelloni,Pappardelle,Sardine
Armenian,Angolan,Belgian,Ajonjol,Batarde,Cannoli,Paprika,Sardine
Palembang,German,Danish,Aku,Batch,Cantaloupe,Paprika,Sardines
Jordanian,Zanzibari,Italian,Akule,Batter,Cantina,Paraffin,Sarton
Jewish,Portuguese,Albanian,Alambres,Batter,Capeado,Parathas,Sasafras
Maldivian,Lesothoan,Valencian,Albacore,Batter,Capellini,Parboil,Sashimi
Anhui,Nigerian,Palatine,Albahaca,Batter,Capers,Parboil,Sashimi
Hakka,Floribbean,Cantabrian,Albert,Bavette,Capers,Parboil,Satay
Pakistani,Roadkill,Haute,Albimar,Bear,Capicolla,Parboil,Satay
Fusion,Belizean,Norwegian,Albondigas,Bearnaise,Capicolla,Parch,Saucisse
Punjabi,Colombian,English,Albondiguitas,Beat,Capirotada,Parcook,Saucisson
Filipino,Martinican,Sardinian,Albumen,Beat,Capocollo,Pare,Sauerbraten
Turkish,Mexican,Georgian,Alcachofas,Beat,Capon,Pare,Sauerbraten
Sabahan,Cajun,Lithuanian,Alcaparras,Beat,Capon,Pare,Sauerkraut
Nepalese,Bermudian,Greenlandic,Alcapurrias,Beating,Capon,Pareve,Saumon
Cambodian,Cuban,Cypriot,Alewife,Beaver,Caponata,Parfait,Sausage
Sundanese,Jamaican,Serbian,Alfredo,Bebidas,Caponata,Parfait,Saut?
Goan,Venezuelan,Pomeranian,Algorienne,Bechamel,Capons,Parfum,Saute
Afghan,Hawaiian,Monegasque,Aliolio,Beef,Cappelletti,Parisienne,Saute
Malay,Bolivian,Andalusian,Alkaline,Beef,Capping,Parmagiano-Reggiano,Saute
Balochi,Maya,Soviet,Alla,Beefalo,Cappuccino,Parmentier,Savarin
Parsi,Paraguayan,Bulgarian,Allemande,Beerwurst,Caprini,Parmesan,Savory
Chiuchow,Haitian,Dutch,Alligator,Beet,Capsaicin,Parmigiana,Scald
Balinese,French,Gibraltarian,Allioli,Beignet,Capsicum,Parrilla,Scald
Kazakh,Lowcountry,Azerbaijani,Allocate,Beignets,Capsicum,Parrillada,Scald
Sichuan,Peruvian,Scottish,Allocation,Bellyfish,Carambola,Parsley,Scallion
Asian,Argentinian,Baden,Allowance,Bench,Caramel,Parsley,Scallions
Chaozhou,Montserrat,Saxon,Allspice,Benedictine,Caramelization,Parsnip,Scallop
Hubei,Salvadoran,Balearic,Allumettes,Benne,Caramelize,Parsnip,Scallop
Peranakan,Surinamese,Maltese,Almandine,Bercy,Caramelize,Pasa,Scallop
Kashmiri,Tlingit,Alpine,Almejas,Berries,Caramelize,Pasilla,Scallop
Korean,Panamanian,Sicilian,Almobar,Besan,Caramelize,Pasta,Scaloppini
Oriya,Barbadian,Bavarian,Almuerzo,Betabel,Carbohydrate,Pasta,Scaloppini
Henan,American,Balti,Altitude,Betty,Carbon,Pastel,Scampi
Zhejiang,Aruban,Balkan,Alubias,Beurre,Carbonade,Pasteles,Scampi
Naga,Guatemalan,Liechtensteiner,Amaretti,Bias-slice,Carbonara,Pastelon,Scant
Madurese,Dominican,Russian,Amaretto,Biga,Carbonara,Pasteurize,Schnecken
Assyrian,Guianan,Hungarian,Amarillo,Bigarade,Carbonnade,Pasteurize,Schnitzel
Malvani,Guadeloupe,Portuguese,Amberjack,Bind,Cardamom,Pasticceria,Schwarzbrot
Vietnamese,Ecuadorian,Leonese,Ambient,Bind,Cardamom,Pasticcio,Schwein
Shanghai,Canadian,Polish,Amchoor,Binding,Cardinal,Pastina,Scones
Manado,Grenadian,Moldovan,Amendra,Birria,Cardoon,Pastina,Score
Hunan,California,Montenegrin,AmEricaine,Biscochitos,Caribou,Pastrami,Score
Levantine,Fusion,Mecklenburg,Ami,Biscotti,Carmelization,Pastrami,Score
Omani,Chilean,Croatian,Anchoiade,Biscuit,Carne,Pastry,Scrapple
Pashtun,Uruguayan,Canadian,Anchovies,Biscuit,Carnitas,Pasty,Scrapple
Sindhi,Guyanese,Armenian,Anchovy,Bison,Carob,Pat,Scrod
Gujarati,Bahamian,Belarusian,Andouille,Bison,Carob,Patatas,Scungille
Mughlai,Honduran,Faroese,Anejo,Bisque,Carp,Patate,Scup
Syrian,Texan,Swiss,Angelica,Bisque,Carpaccio,Pate,Sear
Tripuri,Anguillan,Ukrainian,Anglaise,Bisteces,Carre,Pate,Sear
Indian,Brazilian,Franconian,Anis,Bistella,Carrelet,Pate,Sear
Mazanderani,Nicaraguan,British,Anise,Bite-size,Carrot,Pates,Sear
Javanese,Samoan,Slovak,Aniseed,Bitok,Cartoccio,Patisserie,Season
Chettinad,African,Neapolitan,Ansi,Bitters,Caruru,Pato,Season
Lahori,Niuean,Brandenburg,Antelope,Bitters,Casein,Patty,Selle
Makassar,Pascuense,Dab,Anticuchos,Blackberry,Casserole,Patty,Semifreddo
Burmese,Greek,Dacquoise,Antiguo,Blackened,Casserole,Paupiette,Semilla
Sikkimese,Italian,Daikon,Antipasto,Blackfish,Cassis,Paupiettes,Semolina
Cypriot,Palauan,Dal,Antojito,Blanch,Cassoulet,Pave,Sencillo
Mediterranean,Marshallese,Dal,Aperitif,Blancmange,Cassoulet,Paysanne,Serenata
Ainu,Oceanian,Dampfbraten,Apfel,Blanco,Catfish,Paysanne,Serrano
Lebanese,Spanish,Dandelion,Apio,Blanquette,Catfish,Peach,Sesos
Bengali,Turkish,Dandelion,Apollo,Blanquette,Catfish,Peaks,Seviche
Muhajir,Indian,Dariole,Applejack,Blend,Catsup,Peanut,Seviche
Singaporean,French,Darne,Arlasienne,Blend,Cauliflower,Peanut,Shad
Kerala,Australian,Dash,Armadillo,Blend,Caviar,Pear,Shallot
Shaanxi,Fijian,Date,Eau-de-vie,Blender,Caviar,Peas,Shallot
Yunnan,Mediterranean,Date,Eclair,Blending,Cayenne,Pecan,Shark
Udupi,Lebanese,Datiles,Ecrivisses,Blini,Cazon,Peche,Shaslik
Hainan,Tongan,Daube,Eel,Blintz,Cazuelas,Pectin,Sheepshead
Xinjiang,German,Dauphine,Eel,Blintz,Cebada,Pectin,Shell
Andhra,Faggot,Dauphinoise,Effiler,Bloom,Cebolla,Peel,Shellfish
Acehnese,Fagioli,Debone,Egg,Blueberry,Cebollitas,Peel,Sherbet
Turkmen,Fahrenheit,Deepfry,Egg,Blueberry,Cecina,Peel,Sherbet
Indonesian,Faison,Deep-Fry,Eggplant,Bluefish,Celeriac,Peel,Sherry
Uzbek,Fajitas,Defat,Eggplant,Bluegill,Celeriac,Pemmican,Shiitake
haute,Fajitas,Degerminated,Eggs,Blue-veined,Celery,Penne,Shirr
Guizhou,Falafel,Deglaze,Ejotes,Boar,Celtuce,Penne,Shortbread
Eurasian,Falafel,Deglaze,Elasticity,Boar,Cena,Penne,Short-broiling
Shanxi,Farce,Deglaze,Elderberries,Bobwhite,Cepes,Peperoni,Shortening
fusion,Farce,Degrease,Electrolyte,Bocaditos,Cepes,Pepinos,Shortening
Bangladeshi,Farci,Degrease,Elk,Bockwurst,Cerdo,Pepitas,Shoyu
Kurdish,Farfalle,Dehydrate,Elotes,Boil,Cerveza,Pepper,Shred
Bihari,Farfalle,Demi-Glace,Empanada,Boil,Ceviche,Peppercorn,Shred
Bhutanese,Farina,Demitasse,Empanada,Boil,Chai,Peppermint,Shredded
Kapampangan,Farina,Demitasse,Empanaditas,Boil,Challa,Pepperoni,Shrimp
Cantonese,Fatback,Depouillage,Emulsify,Boiling,Chalotes,Peppers,Shrimp
Newari,Fathead,Derretida,Emulsion,Boletus,Chalupas,Serrano,Shrub
Galangal,Fedelini,Desayuno,Encebollada,Bolillos,Chalupas,Pera,Shuck
Galantine,Fegato,Deshebrar,Encharito,Bollito,Champ,Perch,Shuck
Galantine,Feijoa,Devein,Enchilada,Bologna,Champ,Perciatelli,Sidra
Galette,Feijoada,Devil,Enchilada,Bologna,Champignon,Perciatelli,Sieve
Gallina,Fennel,Deviled,Encurtido,Bombe,Champignons,Percolator,Sieve
Gallon,Fennel,Dextrose,Endive,Bombes,Champurrado,Perdrix,Sift
Ganache,Fenugreek,Dextrose,Endive,Bonbon,Chanterelle,Perejil,Sift
Gandules,Fenugreek,Diable,Endosperm,Bone-in,Chanterelle,Perigeux,Sift
Gans,Fermentation,Diane,Enebro,Boniato,Chantilly,Perigourdine,Simmer
Garbanzos,Feta,Dice,Eneldo,Boning,Chapati,Perilla,Simmer
Garlic,Fettuccine,Dice,Enfrijolada,Bonito,Char,Persil,Simmer
Garlic,Fettuccini,Dice,Enoki,Bonito,Charcuterie,Persillade,Sincronizada
Garnacha,Fiambre,Dice,Enrich,Borage,Chard,Persillade,Singe
Garni,Ficelle,Dijon,Enriched,Bordelaise,Chard,Persimmon,Sippets
Garnish,Fideo,Dijonnaise,Ensalada,Bordure,Charlotte,Persimmon,Sirloin
Garnish,Fig,Dijonnaise,Entrecete,Borek,Charlottes,Pescado,Skate
Garnitures,Figs,Dill,Entree,Borracho,Charmoula,Pesce,Skewer
Gastronomy,Filberts,Dilute,Entree,Borrego,Chasseur,Pesto,Skewers
Gateau,Filete,Dip,Envinado/a,Borscht,Chateaubriand,Pesto,Skil
Gateaux,Financier,Disjoint,Epazote,Botanas,ChaudFroid,Pfeffer,Skim
Gazpacho,Finely,Dissolve,Epazote,Bouchee,Chaud-Froid,Pheasant,Skim
Gefillte,Fingido,Dissolve,Epinards,Boudin,Chauquehue,Pheasant,Skin
Gefllgel,Firkin,Dissolve,Equipment,Boudin,Chayote,Phyllo,Slice
Gehackte,Fischietti,Ditalini,Equivalent,Bouef,Chayote,Picadillo,Sliver
Gelati,Fish,Divide,Escabeche,Bouillabaisse,Cheddar,Picadillo,Smelt
Gelato,Flageolet,Dock,Escalope,Bouillabaisse,Cheese,Picante,Smitane
Gelato,Flageolets,Dock,Escargot,Bouilli,Cheese,Picante,Smoke
Gele,Flake,Docking,Escargot,Bouillon,Cheesecake,Piccata,Smoking
Gem,Flake,Docking,Escarole,Bouillon,Cheesecloth,Pichon,Smorgasbord
Gemelli,Flamb,Dogfish,Escarole,Boule,Chef,Pickerel,Smorgasbord
Gemose,Flambe,Dolci,Espinacas,Boulettes,Cherimoya,Pickle,Smother
Genevoise,Flambe,Dollarfish,Espresso,Bourguignon,Cherry,Pickle,Snail
Genoise,Flameado,Dollop,Essence,Bourrride,Chervil,Picoso,Snapper
Genoise,Flameproof,Dolma,Estilo,Bowl,Chervil,Pierogi,Snip
Genovesini,Flan,Dorado,Estofado,Boysenberry,Chestnut,Pigeon,Snip
Geoduck,Flan,Dot,Estouffade,Braid,Chestnut,Pignoli,Sofrito
Germ,Flatfish,Dough,Etouffee,Brains,Chevre,Pike,Sole
Ghee,Flatfish,Dough,etouffee,Braise,Chiboust,Piki,Sonorenses
Ghee,Flauta,Dough,Etuver,Braise,Chicharron,Pilaf,Sopa
Gianduia,Flautas,Drain,Eulachon,Braise,Chicharron,Piloncillo,Sopaipillas
Giblet,Flavor,Drain,Haba,Braise,Chicken,Pilze,Sopaipillas
Giblets,Fleisch,Dredge,Haddock,Braising,Chicken,Pimenton,Sopes
Giblets,Fleuron,Dredge,Haggis,Bran,Chickpea,Pimentos,Sorbet
Gill,Flor,Dredge,Hake,Bran,Chickpeas,Pimienta,Sorbetto
Ginger,Florentine,Dredge,Halbtrocken,Bran,Chicories,Pinas,Sorghum
Ginkgo,Florentine,Dress,Half-and-Half,Brandade,Chicory,Pinch,Sorrel
Glace,Flores,Dress,Halibut,Bratwurst,Chicory,Pineapple,Sorrel
Glace,Florets,Drippings,Halibut,Braunschweiger,Chicos,Pinon,Sotanghon
Glaze,Flounder,Drippings,Halvah,Bread,Chicos,Pinones,Soubise
Glaze,Flounder,Drizzle,Halvah,Bread,Chiffon,Pint,Souffle
Glaze,Flour,Drizzle,Ham,Bread,Chiffonade,Pintade,Souffle
Glucosa,Flour,Drizzle,Hamburger,Bread,Chiffonade,Pipe,Soup
Gluten,Flour,Drop,Hamburger,Breadfruit,Chikuwa,Pipe,Sourdough
Gluten,Fluff-duff,Drum,Hanging,Breadfruit,Chilaquiles,Pipian,Souse
Gluten,Flute,Drum,Hardtack,Break,Chileatole,Piquant,Souse
Gluten-free,Flute,Duchess,Haricot,Breakfast,Chilhuacle,Piquin,Soybean
Gnocchi,Focaccia,Duck,Harina,Breast,Chili,Piroshki,Spaetzle
Gnocchi,Focaccia,Duck,Harina,Bresaola,Chill,Pissaladiere,Spaghetti
Goat,Focaccia,Dulce,Harira,Bresaola,Chilled,Pit,Spaghetti
Goatfish,Fold,Dulces,Harissa,Bretonne,Chilling,Pit,Spatchcocking
Gomiti,Fold,Dumpling,Harissa,Brider,Chilorio,Pita,Spatula
Gonch,Fold,Dumplings,Hartshorn,Brine,Chilpachole,Pith,Speck
Goose,Fold,Durazno,Hartshorn,Brine,Chimichanga,Pizza,Spelt
Gooseberries,Folding,Durian,Hasenpfeffer,Brinjal,Chimiquito,Pizzaiola,Spices
Goosefish,Fond,Dust,Hash,Brioche,Chining,Pizzelles,Spider
Gorditas,Fondant,Dust,Hash,Brioche,Chinois,Plank,Spiedini
Gorgonzola,Fondant,Dust,Haunch,Brisket,Chipotle,Plantains,Spiedino
Gougere,Fondue,Duxelle,Hazelnuts,Brisket,Chiquihuite,Plantains,Spinach
Goujon,Fondue,Duxelles,Headspace,Broccoli,Chitterlings,Plants,Spinach
Goulash,Fonduta,Ice,Heart,Brochette,Chitterlings,Platano,Spit
Goulash,Fool,Icing,Helado,Brochette,Chive,Pluck,Spit
Gourmet,Forcemeat,Imbottito,Herbaceous,Brodo,Chives,Plum,Sponge
Granadilla,Forcemeat,Infuse,Herbs,Broil,Chocolate,Poach,Sponge
Grande,Formaggio,Infusion,Herbs,Broil,Chocolate,Poach,Spot
Granita,Formaggio,Insalata,Hermit,Broil,Chocolate,Poach,Spread
Granita,Fortified,Involtini,Hermitage,Broth,Chocolate,Poach,Spreads
Graniti,Fougasse,Iplermagronen,Herring,Brown,Cholesterol,Poblano,Sprig
Granola,Foyot,Iron,Herring,Brown,Chongos,Poele,Springerle
Granola,Fraises,Isinglass,Hibachi,Brownie,Chop,Poi,Sprinkle
Granola,Framboise,Jaban,Higado,Browning,Chop,Poisson,Spumoni
Grapefruit,Frangipane,Jackfruit,Hijiki,Brulee,Chop,Poivrade,Squab
Grapes,Frankfurter,Jackrabbit,Hinojo,Brunoise,Chop,Polenta,Squab
Gras,Frapp,Jaggery,Hock,Brunoise,Chorizo,Polenta,Squab
Grasa,Frappe,Jaiba,Hojas,Bruschetta,Chorizo,Pollack,Squash
Grate,Freeze,Jam,Homard,Bruschetta,Chorizo,Pollo,Squawberries
Grate,Freezing,Jam,Homard,Brush,Choron,Pollo,Squid
Gratin,Fresas,Jamaica,Hominy,Bucatini,Choucroute,Pollyfish,Squid
Gratinados,Fresco,Jambalaya,Hominy,Bucatini,Chow,Pomegranate,Squirrel
Gratinee,Fresh,Jambalaya,Homogenization,Buckwheat,Chow-chow,Pomegranate,Sriracha
Gravy,Fresine,Jambolan,Homogenized,Buckwheat,Chowder,Pomfret,Standard
Gravy,Fricadillee,Jambon,Honey,Budin,Chowder,Pomidoro,Staple
Grease,Fricassee,Jamon,Honey,Bufalo,Chub,Pomme,Starch
Grecque,Frijoles,Jarabe,Honey,Buffalo,Chuck,Pompano,Starter
Greens,Frijoles,Jardiniere,Hongos,Buffet,Chuck,Pone,Steam
Gremolata,Frisee,Jarros,Hops,Buffet,Chuleta,Pooch,Steam
Grenadine,Fritada,Javelina,Horchata,Bulgur,Chunks,Popover,Steam
Grenadine,Frito,Jell,Hornos,Bullhead,Chupati,Porcini,Steep
Grenouilles,Frittata,Jelly,Horseradish,Bunuelo,Churros,Porcini,Steep
Griddle,Frittata,Jengibre,Horseradish,Bunuelos,Chutney,Porgy,Steep
Griddle,Fritter,Jerk,Hot-pot,Burbot,Chutney,Porgy,Sterilize
Grill,Fritter,Jerky,Hotte,Burdock,Cider,Pork,Stew
Grill,Fritto,Jerky,Huachinango,Burrito,Cilantro,Pork,Stew
Grill,Frituras,Jerky,Huckleberry,Burrito,Cilantro,Porridge,Stew
Grill,Frizzle,Jicama,Huevo,Butter,Cinnamon,Portabella,Stir
Grillade,Frogfish,Jicama,Huevos,Butter,Cinnamon,Postre,Stir
Grillade,Fromage,Jigger,Huitlacoche,Butter,Cioppino,Potage,Stir
Grind,Fromage,Jitomate,Hull,Butterfish,Ciruelas,Potage,Stir
Grind,Frost,Jocoque,Hull,Butterfly,Cisco,Potassium,Stir-fry
Grissini,Frost,Joint,Hull,Buttermilk,Citron,Potato,Stock
Grissini,Frosting,Jugged,Hultres,Buttermilk,Civet,Pot-au-feu,Stock
Grits,Fry,Jugo,Hummus,Butterscotch,Clabber,Pothook,Stockpot
Grits,Fry,Juice,Hummus,Kaffee,Clafouti,Poule,Stollen
Groats,Fry,Jujube,Hushpuppy,Kaffeekuchen,Clam,Poulet,Strain
Grouper,Fryer,Julep,Hydrogenation,Kahlua,Clarify,Poultry,Strain
Grouper,Fudge,Julienne,Hyssop,Kahlua,Clarify,Pound,Strain
Grouse,Fugu,Julienne,Hyssop,Kalakukko,Claveteado,Praline,Strainer
Grubpile,Ful,Julienne,Lachs,Kale,Clavitos,Praline,Strasbourgeoise
Grunt,Fumet,Julienne,Ladle,Kale,Clavo,Prawn,Strawberry
Gruyere,Fundido,Jumble,Ladyfingers,Kamoboko,Cleaver,Prawns,Streaker
Guacamole,Fungi,Junket,Lagniappe,Kampyo,Clove,Preheat,Streusel
Guacamole,Funnel,Jus,Lait,Kamut,Cloves,Preheat,Stroganoff
Guajalote,Fusilli,Jus,Lamb,Karo,Co2,Preserve,Strudel
Guava,Fusilli,Macaire,Langostino,Kartofflen,Coarse,Preserves,Stuff
Guava,Mull,Macaroni,Langouste,Kase,Coat,Preserves,Stuffing
Guayaba,Mullet,Macaroni,Langoustine,Kasha,Coat,Prick,Stuffing
Gueuze,Mulligatawny,Macaroon,Langue,Kasha,Cobbler,Primavera,Sturgeon
Gugelhopf,Muscoli,Macarronada,Lapin,Kataifi,Cocada,Printanier,Suchet
Guiche,Mushroom,Mace,Lard,Katsuo,Cochineal,Profiterole,Sucker
Guinentos,MUSHROOMS,Mace,Larding,Kedgeree,Cochinita,Proof,Suckeyes
Guiso,Muskellunge,Macedoine,Lardons,Kedgeree,Cocido,Proof,Sucre
Gumbo,Muskmelon,Macedoine,Larrup,Kefir,Cocina,Prosciutto,Suet
Gumbo,Muskrat,Macerate,Lasagna,Kelp,Cock-a-Leekie,Prosciutto,Sugar
Gyro,Mussel,Macerate,Lassi,Ketchup,Cockles,Prosciutto,Sugar
Gyromitres,Mussel,Machaca,Laurel,Kettle,Coco,Protein,Sukiyaki
Gyros,Mussels,Machacado,Lavender,Kidney,Cocoa,Provencale,Sulfites
Naan,Must,Mache,Lean,Kielbasa,Coconut,Prune,Sultanas
Nabo,Mustard,Mache,Leaven,Kingfish,Cocotte,Prune,Sultanas
Nachos,Mutton,Mackerel,Leavening,Kipper,Cocotte,Puchero,Sumac
Nachos,Muttonfish,Mackerel,Leber,Kirsch,Cod,Pudding,Sunchokes
Nage,Oatcake,Madeira,Lebkuchen,Kirsch,Cod,Puerco,Sunfish
Nantua,Oatmeal,Madeleine,Leche,Kitchen,Cod,Puerro,Suppe
Naranjas,Oats,Madeleine,Lechuga,Kiwi,Coddle,Puesto,Supreme
Nasturtium,Ocote,Madrilene,Leek,Knackwurst,Coddling,Pulla,Surimi
Nasturtium,Octopus,Magret,Leeks,Knead,Codorniz,Pulp,Sushi
Natilla,Oeuf,Maguey,Lefse,Knead,Cognac,Pulque,Sweat
Natto,Oeuf,Mahi-mahi,Legumes,Knead,Cognac,Pulse,Swedes
Navarin,Offal,Maigre,Legumes,Kneading,Cointreau,Pulverize,Sweetbreads
Navarin,Oie,Mais,Lekvar,Knives,Cojack,Pulverize,Sweetbreads
Neapolitan,Oignon,Maiz,Lemon,Knudel,Colache,Pumate,Swordfish
Nectarine,Oils,Maizena,Lemon,Kohlrabi,Colados,Pumate,Swordfish
Nectarine,Okra,Malanga,Lengua,Kohlrabi,Colander,Pumpernickel,Swordfish
Negro,Okra,Mallet,Lenteja,Kolbassy,Colander,Pumpernickel,Syllabub
Nesselrode,Olio,Malt,Lentils,Kombu,Coleslaw,Pumpkin,Syrup
Nesselrode,Olive,Maltagliate,Lentils,Kosher,Collop,Puree,Syrup
Neufchatel,Olives,Manchamantel,Lettuce,Kosher,Colombo,Puree,Tabbouleh
Newburg,Olla,Manchego,Levadura,Krusten,Comal,Purse,Tablespoon
Newburg,Oloroso,Mandarin,Liaison,Kuchen,Combine,Purslane,Taco
Nixtamal,Omelet,Mandel,Liaison,Kugelhopf,Combine,Purslane,Taco
Noci,Onion,Mandoline,Lick,Kugelhopf,Comida,Puttanesca,Tagine
Nogada,Ono,Mandoline,Licuadora,Kumquat,Comino,Puttanesca,Tagliarini
Noisette,Opakapaka,Mango,Light,Kumquat,Comino,Quahog,Tagliatelle
Noisette,Open-faced,Mangos,Lima,Rabanos,Compote,Quail,Tahini
Noix,Oporto,Manicotti,Lime,Rabbit,Compote,Quark,Tahini
No-knead,Opossum,Manicotti,Lime,Raccoon,Con,Quart,Tailgate
Nonpareil,Opuntia,Manioc,Limon,Radicchio,Concasse,Quatre-epices,Taleggio
Nonstick,Orange,Mano,Limoncello,Radicchio,Conch,Quelitas,Tallarines
Noodles,Oregano,Manteca,Limones,Radish,Conchas,Quenches,Tamale
Noodles,Orehones,Mantequilla,Lingcod,Ragout,Conchiglie,Quenelle,Tamalero
Nopalitas,Orientale,Manzanas,Linguine,Ragout,Conchiglie,Quenelle,Tamarind
Nopalitos,Orrechietti,Maquereau,Linguine,Ragu,Conde,Quesadilla,Tamarindo
Nori,Ortolans,Marble,Linzertorte,Raisin,Condiment(s),Quesadilla,Tandoori
Normande,Orzo,Marbling,Liquados,Raita,Condiment,Queso,Tangelo
Nougat,Orzo,Marengo,Liqueur,Rajas,Conduction,Queso,Tangerine
Nougat,Oseille,Marengo,Liqueur,Ramekin,Confit,Quiche,Tangerines
Nougatine,Ostiones,Margarine,Liver,Ramekins,Confit,Quiche,Tapas
Nouilles,Ouzo,Margarine,Liverwurst,Ramp,Congeal,Quince,Tapenade
Nudeln,Ouzo,Marguery,Livornaise,Ranchero,Conserva,Quince,Tapenade
Nuevo,Oven,Marina,Lobster,Rascasse,Conserve,Quinoa,Tapioca
Nusskuchen,Oxidized,Marinade,Lobster,Rasher,Conserve,Quinoa,Tapioca
Nutella,Oyster,Marinade,Lobster,Raspberry,Consomme,Udon,Taquito
Nutmeg,Oyster,Marinara,Loganberries,Ratafia,Consomme,Ugli,Taquitos
Nutmeg,Oyster,Marinate,Loquat,Ratatouille,Consumer,Umido,Taramasalata
Nuts,Yakitori,Marinate,Lotte,Ratatouille,Cookie,Unleavened,Taro
Vaca,Yakitori,Marinate,Lovage,Ravigote,Cookies,Unleavened,Taro
Vacherin,Yam,Mariscos,Lox,Ravioli,Cool,Unmold,Tarpon
Vainilla,Yam,Marjoram,Lox,Ravioli,Cool,Uvas,Tarragon
Valencienne,Yautia,Marmalade,Lumache,Ray,Coppa,,Tart
Vampiro,Yeast,Marmalade,Lumpia,Recado,Coquille,,Tartare
Vaniglia,Yeast,Marmite,Lutefisk,Receta,Coquito,,Tartufi
Vanilla,Yeast,Marrons,Lychee,Recipe,Coralli,,Tasso
Vanilla,Yellowtail,Marrow,Lyonnaise,Reconstitute,Cordero,,Tatsoi
Veal,Yema,Marsala,Zaatar,Reconstitute,Cordial,,Taza
Veal,Yerba,Marzipan,Zabaglione,Reconstitute,Core,,Te
Veal,Yield,Marzipan,Zabaglione,Redfish,Core,,Teff
Veau,Yogurt,Masa,Zakuski,Redhead,Coriander,,Teflon
Vegetarian,Yogurt,Mascabado,Zampone,Reduce,Coriander,,Teigemasse
Veloute,Yokan,Mascarpone,Zanahoria,Reduce,Corkscrew,,Tejano
Veloute,Yuca,Mash,Zarzamora,Refresh,Corn,,Tejolote
Velveting,Yucca,Mash,Zest,Refresh,Corned,,Telera
Venado,,Mask,Zest,Refrito,Cornflour,,Tembleque
Venison,,Mask,Zest,Rehydrate,Cornichon,,Temper
Venison,,Mastic,Zester,Reis,Cornichon,,Temperature
Venison,,Matafan,Zingara,Relish,Cornmeal,,Tempura
Vent,,Matelote,Zita,Relish,Cornmeal,,Tempura
Verde,,Matelote,Ziti,Relleno,Cornstarch,,Tenderloin
Verdolagas,,Mayonnaise,Zucca,Remoulade,Cornstarch,,Tenedor
Verdura,,Mayonnaise,Zucchini,Remoulade,Corunda,,Tepari
Verduras,,Mead,Zucchini,Render,Cote,,Tepin
Vermicelli,,Meal,Zuccotto,Render,Cotechino,,Tequila
Vermicelli,,Meat,Zunge,Rennet,Coulibiac,,Terrapin
Veronique,,Meatball,Zuppa,Rennin,Coulis,,Terrine
Vichyssoise,,Medallion,Zwieback,Repollo,Coupe,,Terrine
Vichyssoise,,Medallion,Zwieback,Res,Courgette,,Texture
Victual,,Mediano,Zwyieka,Resources,Courgette,,Thermometer
Vinagre,,Mejillones,,Resquesin,Couscous,,Thermophilic
Vinagreta,,Mejorana,,Resting,Couscous,,Thicken
Vinaigrette,,Melange,,Rhubarb,Couverture,,Thin
Vinaigrette,,Melba,,Rhubard,Crab,,Thyme
Vinegar,,Melon,,Rib,Crab,,Tierno
Vinegar,,Melon,,Ribbon,Cracklings,,Tilefish
Vintage,,Melon,,Rice,Cranberries,,Timbale
Vitello,,Melt,,Rice,Cranberry,,Timbale
Vol-au-Vent,,Melt,,Ricer,Crappie,,Tinga
Volume,,Membrillo,,Ricotta,Cravatte,,Tiramisu
Vorspeisen,,Menta,,Riddling,Crayfish,,Toast
,,Menudo,,Rigatoni,Cream,,Toast
,,Menudo,,Rigatoni,Cream,,Tocino
,,Mercados,,Rigatoni,Cream,,Tofu
,,Merienda,,Rijsttafel,Cream,,Tofu
,,Meringue,,Rillette,Cream,,Tomally
,,Meringue,,Rind,Crema,,Tomate
,,Mesa,,Ris,Creme,,Tomatillos
,,Mescal,,Risotto,Cremini,,Tomato
,,Mesclun,,Risotto,Creole,,Tomillo
,,Mesclun,,Rissole,Creole,,Tonno
,,Mesophilic,,Ristra,Creosote,,Top
,,Mesquite,,Roast,Crepas,,Toronja
,,Mesquite,,Roast,Crepaze,,Torrejas
,,Metate,,Roast,Crepe,,Torrone
,,Mezzani,,Roaster,Crepe,,Torsk
,,Miel,,Roasting,Crepinette,,Torta
,,Migajas,,Rï¿½balo,Crespelle,,Torta
,,Migajon,,Robert,Cress,,Torta
,,Migas,,Rocambole,Crevettes,,Torte
,,Migas,,Rockfish,Crimp,,Torte
,,Milanese,,Rockfish,Crimping,,Tortellini
,,Milch,,Rockmelon,Crisp,,Tortellini
,,Milkfish,,Roe,Croaker,,Tortelloni
,,Mille-feuilles,,Roe,Croaker,,Tortilla
,,Millet,,Roe,Croissant,,Tortilladora
,,Milnot,,Roggenbrot,Croquembouche,,Tortillas
,,Milpa,,Rognoni,Croque-Monsieur,,Tortilleria
,,Mince,,Rognons,Croquette,,Toss
,,Mince,,Rojo,Croquettes,,Tostada
,,Mince,,Roll,Crostini,,Tostadas
,,Mince,,Romano,Croustade,,Tostados
,,Mincemeat,,Romero,Croustade,,Tostones
,,Mincemeat,,Rompope,Croutes,,Tournedo
,,Minestrone,,Rosbif,Crouton,,Tourte
,,Minestrone,,Rosefish,Croutons,,Treacle
,,Mint,,Rosemary,Crudites,,Trennette
,,Mirabelle,,Rosti,Crudites,,Trifle
,,Mirepoix,,Roti,Crudo,,Trigo
,,Mirepoix,,Rotini,Crullers,,Trim
,,Mirin,,Rotisserie,Crumb,,Tripe
,,Mirin,,Rotisserie,Crumble,,Tripe
,,Miso,,Rouille,Crumpet,,Tripe
,,Mix,,Roulade,Crumpets,,Trout
,,Mix,,Roulade,Crush,,Trout
,,Mixing,,Roux,Crush,,Truchas
,,Mocha,,Roux,Crust,,Truffle
,,Mocha,,Ruote,Crystallize,,Truite
,,Mochi,,Rutabaga,Cuaresmeno,,Truss
,,Mojo,,Rutabaga,Cuarto,,Truss
,,Mojo,,,Cube,,Tsukemono
,,Molasses,,,Cube,,Tuiles
,,Molasses,,,Cuchara,,Tumeric
,,Molcajete,,,Cucharada,,Tuna
,,Mold,,,Cucharadita,,Tuna
,,Mole,,,Cuchillo,,Tuna
,,Mole,,,Cucumber,,Tunas
,,Molinillo,,,Cucumbers,,Tunken
,,Mollejas,,,Cuisse,,Tunnel
,,Molletes,,,Cuisson,,Turducken
,,Monkfish,,,Culatello,,Turkey
,,Monkfish,,,Cultivation,,Turmeric
,,Monkfish,,,Cumin,,Turmeric
,,Montmorency,,,Cumin,,Turnip
,,Moochim,,,Cup,,Turnip
,,Moose,,,Cupcake,,Turnovers
,,Morcilla,,,Curd,,Turque
,,Morel,,,Curd,,Turtle
,,Mortadella,,,Curdle,,Tusk
,,Mortadella,,,Curdle,,Tzimmes
,,Mostaccioli,,,Cure,,
,,Mostaza,,,Cure,,
,,Mouler,,,Cure,,
,,Moules,,,Currant,,
,,Moussaka,,,Currants,,
,,Moussaka,,,Curtidas,,
,,Mousse,,,Cusk,,
,,Mousse,,,Custard,,
,,Mousseline,,,Custard,,
,,Moutarde,,,Cut,,
,,Mouton,,,Cut,,
,,Mozzarella,,,Cutlet,,
,,MSG,,,Cutlet,,
,,Muesli,,,Cuttlefish,,
,,Muesli,,,Cuttlefish,,
,,Muffin,,,Cuttlefish,,
